{"cameraMode":{"drawMode":0,"name":"Shaded","section":"Shading Mode"},"sceneLighting":true,"audioPlay":false,"sceneViewState":{"showFog":true,"showMaterialUpdate":false,"showSkybox":true,"showFlares":true,"showImageEffects":true,"showParticleSystems":true},"in2DMode":false,"pivot":{"x":-5.883762836456299,"y":35.89608383178711,"z":-2.8327865600585939},"rotation":{"x":0.000008990679816633929,"y":0.9995880126953125,"z":-0.028805680572986604,"w":0.00030116792186163366},"size":57.41107177734375,"orthographic":false}